,MMH,ASM,WLK,age,resting HR,MMH,ASM,WLK,,test,train
Thomas,615,515,592,21,,63,65,60,62.66666667,,*
Kate,570,600,584,18,,43,42,43,42.66666667,,*
Jim,1,1,1,62,,60,62,71,64.33333333,,*
Anastasia,1,1,1,29,,72,62,70,68,,*
Hamid,765,862,488,30,,70,69,74,71,*,
Greg,1,1,1,59,,70,64,61,67.66666667,,*
Kayla,686,765,574,19,,62,66,75,67.66666667,*,
Tarun,1,1,1,23,,55,64,65,67.66666667,,*
